ID,TransmissionRatio,Transmission,INEvTransmission,FilterUsed,Nodes,EventSkew,EventNodeRatio,WorkloadSize,NumberProjections,MinimalSelectivity,MedianSelectivity,CombigenComputationTime,Efficiency,PlacementComputationTime,HopCount,Depth,ProcessingLatencyRatio,CentralTransmission,LowerBound,EventTypes,MaximumParents,greedy_costs,sampling_costs,factorial_costs,exact_costs,TransmissionRatioINEv,TransmissionRatioCentral
31158,0.7981674457610536,321955.0,256974.0,[],50,1.2,0.5,10,10,0.1,0.0789425239435721,0.03,2.88,1.86,0,0.5,0,321955.0,0.0,10,4,0.0,0.0,0.0,27007.127817877164,0.10509673281295837,0.08388479078715089
3945180,0.6000815444519193,245265.0,147179.0,[],50,1.2,0.5,10,10,0.1,0.071788440603271,0.04,2.84,1.92,0,0.5,0,245265.0,0.0,10,4,0.0,0.0,0.0,47215.332014828615,0.3208020982261642,0.19250741856697293
2655273,1.0,264808.0,264808.0,[],50,1.2,0.5,10,10,0.1,0.086721543436018,0.03,2.74,1.84,0,0.5,0,264808.0,0.0,10,4,0.0,0.0,0.0,43340.39105647391,0.16366722703420558,0.16366722703420558
7410989,0.7944461496795161,276925.0,220002.0,[],50,1.2,0.5,10,10,0.1,0.0827923366220874,0.07,3.18,1.66,0,0.5,0,276925.0,0.0,10,4,0.0,0.0,0.0,82123.09503546137,0.3732834021302596,0.29655356156165524
