ID,TransmissionRatio,Transmission,INEvTransmission,FilterUsed,Nodes,EventSkew,EventNodeRatio,WorkloadSize,NumberProjections,MinimalSelectivity,MedianSelectivity,CombigenComputationTime,Efficiency,PlacementComputationTime,HopCount,Depth,ProcessingLatencyRatio,CentralTransmission,LowerBound,EventTypes,MaximumParents,greedy_costs,sampling_costs,factorial_costs,exact_costs,TransmissionRatioINEv,TransmissionRatioCentral
9735632,0.7975495271340353,244361.0,194890.0,[],50,1.6,0.5,10,10,0.1,0.0916739118303905,0.03,2.92,1.89,0,0.5,0,244361.0,0.0,10,4,0.0,0.0,0.0,49864.429762242624,0.2558593553401541,0.20406050786435898
4014947,0.7891446156972142,236233.0,186422.0,[],50,1.6,0.5,10,10,0.1,0.0878194717167611,0.03,2.96,1.86,0,0.5,0,236233.0,0.0,10,4,0.0,0.0,0.0,32623.388625689047,0.17499752510802935,0.1380983546993394
1237055,0.7973344784261336,188631.0,150402.0,[],50,1.6,0.5,10,10,0.1,0.0848312944330277,0.03,2.94,1.84,0,0.5,0,188631.0,0.0,10,4,0.0,0.0,0.0,69564.61151259771,0.4625245110610079,0.3687867397861312
1382317,0.6000995346753926,200935.0,120581.0,[],50,1.6,0.5,10,10,0.1,0.0770881097739555,0.04,2.92,1.76,0,0.5,0,200935.0,0.0,10,4,0.0,0.0,0.0,21766.50812861351,0.18051358114971272,0.10832611605053132
