ID,TransmissionRatio,Transmission,INEvTransmission,FilterUsed,Nodes,EventSkew,EventNodeRatio,WorkloadSize,NumberProjections,MinimalSelectivity,MedianSelectivity,CombigenComputationTime,Efficiency,PlacementComputationTime,HopCount,Depth,ProcessingLatencyRatio,CentralTransmission,LowerBound,EventTypes,MaximumParents,greedy_costs,sampling_costs,factorial_costs,exact_costs
4022872,0.7948074891982717,260375.0,206948.0,[],50,1.3,0.5,10,10,0.1,0.07925189396348577,0.04,2.96,1.8,0,0.5,0,260375.0,0.0,10,4,0.0,0.0,0.0,54591.80072031861
7719840,1.0000037357202094,267686.0,267687.0,[],50,1.3,0.5,10,10,0.1,0.07710341731503449,0.03,3.06,1.77,0,0.5,0,267686.0,0.0,10,4,0.0,0.0,0.0,119385.79682189862
371676,1.0,306119.0,306119.0,[],50,1.3,0.5,10,10,0.1,0.07761972641560916,0.05,3.06,1.73,0,0.5,0,306119.0,0.0,10,4,0.0,0.0,0.0,57729.31505684063
8864994,0.7953867079055729,268355.0,213446.0,[],50,1.3,0.5,10,10,0.1,0.08667442943983203,0.03,3.06,1.73,0,0.5,0,268355.0,0.0,10,4,0.0,0.0,0.0,50559.11688485484
