ID,TransmissionRatio,Transmission,INEvTransmission,FilterUsed,Nodes,EventSkew,EventNodeRatio,WorkloadSize,NumberProjections,MinimalSelectivity,MedianSelectivity,CombigenComputationTime,Efficiency,PlacementComputationTime,HopCount,Depth,ProcessingLatencyRatio,CentralTransmission,LowerBound,EventTypes,MaximumParents,greedy_costs,sampling_costs,factorial_costs,exact_costs,TransmissionRatioINEv,TransmissionRatioCentral
4022872,0.7948074891982717,260375.0,206948.0,[],50,1.3,0.5,10,10,0.1,0.0792518939634857,0.04,2.96,1.8,0,0.5,0,260375.0,0.0,10,4,0.0,0.0,0.0,54591.80072031861,0.26379477318127553,0.2096660613358372
7719840,1.0000037357202094,267686.0,267687.0,[],50,1.3,0.5,10,10,0.1,0.0771034173150344,0.03,3.06,1.77,0,0.5,0,267686.0,0.0,10,4,0.0,0.0,0.0,119385.79682189862,0.44599026781987405,0.44599193391473074
371676,1.0,306119.0,306119.0,[],50,1.3,0.5,10,10,0.1,0.0776197264156091,0.05,3.06,1.73,0,0.5,0,306119.0,0.0,10,4,0.0,0.0,0.0,57729.31505684063,0.1885845539049867,0.1885845539049867
8864994,0.7953867079055729,268355.0,213446.0,[],50,1.3,0.5,10,10,0.1,0.086674429439832,0.03,3.06,1.73,0,0.5,0,268355.0,0.0,10,4,0.0,0.0,0.0,50559.11688485484,0.23687076302603394,0.1884038564023582
