ID,TransmissionRatio,Transmission,INEvTransmission,FilterUsed,Nodes,EventSkew,EventNodeRatio,WorkloadSize,NumberProjections,MinimalSelectivity,MedianSelectivity,CombigenComputationTime,Efficiency,PlacementComputationTime,HopCount,Depth,ProcessingLatencyRatio,CentralTransmission,LowerBound,EventTypes,MaximumParents,greedy_costs,sampling_costs,factorial_costs,exact_costs,TransmissionRatioINEv,TransmissionRatioCentral
3919666,0.7954869142027263,427601.0,340151.0,[],50,0.6,0.5,10,10,0.1,0.071712908974241,0.06,2.94,1.69,0,0.5,0,427601.0,0.0,10,4,0.0,0.0,0.0,46139.89587138972,0.13564533360592715,0.10790408785617836
5799792,0.6000596370658564,352130.0,211299.0,[],50,0.6,0.5,10,10,0.1,0.0794107867934566,0.03,2.78,1.86,0,0.5,0,352130.0,0.0,10,4,0.0,0.0,0.0,30566.271633503733,0.14465885609256898,0.0868039406852689
9814624,1.0,407062.0,407062.0,[],50,0.6,0.5,10,10,0.1,0.0543711386567986,0.04,3.14,1.61,0,0.5,0,407062.0,0.0,10,4,0.0,0.0,0.0,132078.6465190958,0.3244681314372155,0.3244681314372155
7589003,0.7973931942260356,326223.0,260128.0,[],50,0.6,0.5,10,10,0.1,0.0733798333331773,0.06,3.16,1.66,0,0.5,0,326223.0,0.0,10,4,0.0,0.0,0.0,45890.18329409094,0.1764138550793876,0.14067120740748182
