ID,TransmissionRatio,Transmission,INEvTransmission,FilterUsed,Nodes,EventSkew,EventNodeRatio,WorkloadSize,NumberProjections,MinimalSelectivity,MedianSelectivity,CombigenComputationTime,Efficiency,PlacementComputationTime,HopCount,Depth,ProcessingLatencyRatio,CentralTransmission,LowerBound,EventTypes,MaximumParents,greedy_costs,sampling_costs,factorial_costs,exact_costs
6529953,0.7929169735478797,400535.0,317591.0,[],50,0.2,0.5,10,10,0.1,0.06818358280587333,0.05,2.98,1.68,0,0.5,0,400535.0,0.0,10,4,0.0,0.0,0.0,34355.88790069418
5599171,0.7937157459328414,473119.0,375522.0,[],50,0.2,0.5,10,10,0.1,0.08979155618252681,0.05,3.2,1.59,0,0.5,0,473119.0,0.0,10,4,0.0,0.0,0.0,86858.58019284674
3812729,0.6000468504767036,426890.0,256154.0,[],50,0.2,0.5,10,10,0.1,0.0712723390447424,0.05,3.14,1.78,0,0.5,0,426890.0,0.0,10,4,0.0,0.0,0.0,111915.73300331809
5552956,1.0,371469.0,371469.0,[],50,0.2,0.5,10,10,0.1,0.0768337400396083,0.03,2.98,1.71,0,0.5,0,371469.0,0.0,10,4,0.0,0.0,0.0,78351.8757506338
