ID,TransmissionRatio,Transmission,INEvTransmission,FilterUsed,Nodes,EventSkew,EventNodeRatio,WorkloadSize,NumberProjections,MinimalSelectivity,MedianSelectivity,CombigenComputationTime,Efficiency,PlacementComputationTime,HopCount,Depth,ProcessingLatencyRatio,CentralTransmission,LowerBound,EventTypes,MaximumParents,greedy_costs,sampling_costs,factorial_costs,exact_costs
3919666,0.7954869142027263,427601.0,340151.0,[],50,0.6,0.5,10,10,0.1,0.07171290897424105,0.06,2.94,1.69,0,0.5,0,427601.0,0.0,10,4,0.0,0.0,0.0,46139.89587138972
5799792,0.6000596370658564,352130.0,211299.0,[],50,0.6,0.5,10,10,0.1,0.0794107867934566,0.03,2.78,1.86,0,0.5,0,352130.0,0.0,10,4,0.0,0.0,0.0,30566.271633503733
9814624,1.0,407062.0,407062.0,[],50,0.6,0.5,10,10,0.1,0.05437113865679861,0.04,3.14,1.61,0,0.5,0,407062.0,0.0,10,4,0.0,0.0,0.0,132078.6465190958
7589003,0.7973931942260356,326223.0,260128.0,[],50,0.6,0.5,10,10,0.1,0.07337983333317731,0.06,3.16,1.66,0,0.5,0,326223.0,0.0,10,4,0.0,0.0,0.0,45890.18329409094
