ID,TransmissionRatio,Transmission,INEvTransmission,FilterUsed,Nodes,EventSkew,EventNodeRatio,WorkloadSize,NumberProjections,MinimalSelectivity,MedianSelectivity,CombigenComputationTime,Efficiency,PlacementComputationTime,HopCount,Depth,ProcessingLatencyRatio,CentralTransmission,LowerBound,EventTypes,MaximumParents,greedy_costs,sampling_costs,factorial_costs,exact_costs
9735632,0.7975495271340353,244361.0,194890.0,[],50,1.6,0.5,10,10,0.1,0.09167391183039054,0.03,2.92,1.89,0,0.5,0,244361.0,0.0,10,4,0.0,0.0,0.0,49864.429762242624
4014947,0.7891446156972142,236233.0,186422.0,[],50,1.6,0.5,10,10,0.1,0.08781947171676115,0.03,2.96,1.86,0,0.5,0,236233.0,0.0,10,4,0.0,0.0,0.0,32623.388625689047
1237055,0.7973344784261336,188631.0,150402.0,[],50,1.6,0.5,10,10,0.1,0.08483129443302777,0.03,2.94,1.84,0,0.5,0,188631.0,0.0,10,4,0.0,0.0,0.0,69564.61151259771
1382317,0.6000995346753926,200935.0,120581.0,[],50,1.6,0.5,10,10,0.1,0.07708810977395557,0.04,2.92,1.76,0,0.5,0,200935.0,0.0,10,4,0.0,0.0,0.0,21766.50812861351
