ID,TransmissionRatio,Transmission,INEvTransmission,FilterUsed,Nodes,EventSkew,EventNodeRatio,WorkloadSize,NumberProjections,MinimalSelectivity,MedianSelectivity,CombigenComputationTime,Efficiency,PlacementComputationTime,HopCount,Depth,ProcessingLatencyRatio,CentralTransmission,LowerBound,EventTypes,MaximumParents,greedy_costs,sampling_costs,factorial_costs,exact_costs,TransmissionRatioINEv,TransmissionRatioCentral
2050569,1.0,370661.0,370661.0,[],50,0.7,0.5,10,10,0.1,0.0731720463396974,0.05,2.84,1.86,0,0.5,0,370661.0,0.0,10,4,0.0,0.0,0.0,136932.55439096445,0.3694280066987475,0.3694280066987475
7989736,0.6000668907506814,298995.0,179417.0,[],50,0.7,0.5,10,10,0.1,0.0852618255477765,0.06,2.98,1.77,0,0.5,0,298995.0,0.0,10,4,0.0,0.0,0.0,70015.91603484305,0.3902412593836874,0.2341708591609995
9240902,1.0,354212.0,354212.0,[],50,0.7,0.5,10,10,0.1,0.0775260681721924,0.06,3.06,1.61,0,0.5,0,354212.0,0.0,10,4,0.0,0.0,0.0,94870.44159681976,0.26783519925022237,0.26783519925022237
939275,0.9622825574344808,371075.0,357079.0,[],50,0.7,0.5,10,10,0.1,0.0753374592243302,0.03,2.78,1.9,0,0.5,0,371075.0,0.0,10,4,0.0,0.0,0.0,174172.14859692694,0.4877692292095781,0.46937182132163835
