ID,TransmissionRatio,Transmission,INEvTransmission,FilterUsed,Nodes,EventSkew,EventNodeRatio,WorkloadSize,NumberProjections,MinimalSelectivity,MedianSelectivity,CombigenComputationTime,Efficiency,PlacementComputationTime,HopCount,Depth,ProcessingLatencyRatio,CentralTransmission,LowerBound,EventTypes,MaximumParents,greedy_costs,sampling_costs,factorial_costs,exact_costs,TransmissionRatioINEv,TransmissionRatioCentral
7550764,1.0,254213.0,254213.0,[],50,1.4,0.5,10,10,0.1,0.0866363001680088,0.03,3.02,1.69,0,0.5,0,254213.0,0.0,10,4,0.0,0.0,0.0,57068.97542155835,0.2244927498655,0.2244927498655
8787678,0.7990921511819319,242992.0,194173.0,[],50,1.4,0.5,10,10,0.1,0.0676348465137757,0.02,2.78,1.99,0,0.5,0,242992.0,0.0,10,4,0.0,0.0,0.0,68140.0910342815,0.35092464469458423,0.28042112923175044
5017767,1.0,285079.0,285079.0,[],50,1.4,0.5,10,10,0.1,0.0917455505073961,0.07,3.0,1.71,0,0.5,0,285079.0,0.0,10,4,0.0,0.0,0.0,59181.37663227689,0.20759640882799818,0.20759640882799818
9716591,1.00000721417441,277232.0,277234.0,[],50,1.4,0.5,10,10,0.1,0.0871520715250487,0.03,2.96,1.68,0,0.5,0,277232.0,0.0,10,4,0.0,0.0,0.0,66800.57411448733,0.2409537578885971,0.24095549617103124
