ID,TransmissionRatio,Transmission,INEvTransmission,FilterUsed,Nodes,EventSkew,EventNodeRatio,WorkloadSize,NumberProjections,MinimalSelectivity,MedianSelectivity,CombigenComputationTime,Efficiency,PlacementComputationTime,HopCount,Depth,ProcessingLatencyRatio,CentralTransmission,LowerBound,EventTypes,MaximumParents,greedy_costs,sampling_costs,factorial_costs,exact_costs,TransmissionRatioINEv,TransmissionRatioCentral
1234337,0.7959049352626004,388956.0,309572.0,[],50,0.5,0.5,10,10,0.1,0.0677525736147991,0.05,2.96,1.76,0,0.5,0,388956.0,0.0,10,4,0.0,0.0,0.0,31023.54324659376,0.10021430635391367,0.07976106101099806
6512125,0.6000462957604658,432005.0,259223.0,[],50,0.5,0.5,10,10,0.1,0.0846819916969807,0.04,2.88,1.92,0,0.5,0,432005.0,0.0,10,4,0.0,0.0,0.0,38856.82017032999,0.14989727057525756,0.08994530195328757
111770,0.5912033289518307,403971.0,238829.0,[],50,0.5,0.5,10,10,0.1,0.0747877277377913,0.04,2.86,1.82,0,0.5,0,403971.0,0.0,10,4,0.0,0.0,0.0,46318.4280120332,0.19393971423919706,0.11465780467418007
7613491,1.0,418769.0,418769.0,[],50,0.5,0.5,10,10,0.1,0.0742511823986553,0.02,2.9,1.79,0,0.5,0,418769.0,0.0,10,4,0.0,0.0,0.0,183714.21754519083,0.4387006142890014,0.4387006142890014
