ID,TransmissionRatio,Transmission,INEvTransmission,FilterUsed,Nodes,EventSkew,EventNodeRatio,WorkloadSize,NumberProjections,MinimalSelectivity,MedianSelectivity,CombigenComputationTime,Efficiency,PlacementComputationTime,HopCount,Depth,ProcessingLatencyRatio,CentralTransmission,LowerBound,EventTypes,MaximumParents,greedy_costs,sampling_costs,factorial_costs,exact_costs
2050569,1.0,370661.0,370661.0,[],50,0.7,0.5,10,10,0.1,0.07317204633969743,0.05,2.84,1.86,0,0.5,0,370661.0,0.0,10,4,0.0,0.0,0.0,136932.55439096445
7989736,0.6000668907506814,298995.0,179417.0,[],50,0.7,0.5,10,10,0.1,0.08526182554777656,0.06,2.98,1.77,0,0.5,0,298995.0,0.0,10,4,0.0,0.0,0.0,70015.91603484305
9240902,1.0,354212.0,354212.0,[],50,0.7,0.5,10,10,0.1,0.07752606817219249,0.06,3.06,1.61,0,0.5,0,354212.0,0.0,10,4,0.0,0.0,0.0,94870.44159681976
939275,0.9622825574344809,371075.0,357079.0,[],50,0.7,0.5,10,10,0.1,0.07533745922433022,0.03,2.78,1.9,0,0.5,0,371075.0,0.0,10,4,0.0,0.0,0.0,174172.14859692694
