ID,TransmissionRatio,Transmission,INEvTransmission,FilterUsed,Nodes,EventSkew,EventNodeRatio,WorkloadSize,NumberProjections,MinimalSelectivity,MedianSelectivity,CombigenComputationTime,Efficiency,PlacementComputationTime,HopCount,Depth,ProcessingLatencyRatio,CentralTransmission,LowerBound,EventTypes,MaximumParents,greedy_costs,sampling_costs,factorial_costs,exact_costs,TransmissionRatioINEv,TransmissionRatioCentral
3116177,1.0,186162.0,186162.0,[],50,1.9,0.5,10,10,0.1,0.059242389465361,0.07,2.92,1.84,0,0.5,0,186162.0,0.0,10,4,0.0,0.0,0.0,14867.751501109293,0.07986458837522853,0.07986458837522853
5184851,0.8000531872456985,188015.0,150422.0,[],50,1.9,0.5,10,10,0.1,0.0623357351785276,0.04,2.94,1.84,0,0.5,0,188015.0,0.0,10,4,0.0,0.0,0.0,43800.06865882164,0.2911812677588494,0.2329605013367106
8424892,1.0,176562.0,176562.0,[],50,1.9,0.5,10,10,0.1,0.0839210137173661,0.04,2.96,1.66,0,0.5,0,176562.0,0.0,10,4,0.0,0.0,0.0,27621.249033820084,0.1564393755950889,0.1564393755950889
9123062,0.6001076455232918,185795.0,111497.0,[],50,1.9,0.5,10,10,0.1,0.0831654766983805,0.04,2.78,1.86,0,0.5,0,185795.0,0.0,10,4,0.0,0.0,0.0,11848.137257076114,0.10626417981717996,0.06376994675355158
